AadharFront.jpg,http://prod-finserv.s3.amazonaws.com/ecom_images/1045054537_1573818374992.jpg
AadharBack.jpg,http://prod-finserv.s3.amazonaws.com/ecom_images/1045054537_1573818374992.jpg
PAN.jpg,http://prod-finserv.s3.amazonaws.com/ecom_images/1045054537_1573818374992.jpg
Chq1.jpg,http://prod-finserv.s3.amazonaws.com/ecom_images/1045054537_1573818374992.jpg
Chq2.jpg,http://prod-finserv.s3.amazonaws.com/ecom_images/1045054537_1573818374992.jpg
Chq3.jpg,http://prod-finserv.s3.amazonaws.com/ecom_images/1045054537_1573818374992.jpg
Chq4.jpg,http://prod-finserv.s3.amazonaws.com/ecom_images/1045054537_1573818374992.jpg
Chq5.jpg,http://prod-finserv.s3.amazonaws.com/ecom_images/1045054537_1573818374992.jpg
NACH.jpg,http://prod-finserv.s3.amazonaws.com/ecom_images/1045054537_1573818374992.jpg
Nach is mandatory, Plase upload NACH

